Loci,Allele,Frequency
TH01,6,0.1683 
TH01,7,0.2490 
TH01,8,0.0418 
TH01,9,0.4828 
TH01,9.3,0.0450 
TH01,10,0.0120 
TH01,11,0.0013 
TPOX,7,0.0003 
TPOX,8,0.4910 
TPOX,9,0.1090 
TPOX,10,0.0273 
TPOX,11,0.3428 
TPOX,12,0.0283 
TPOX,13,0.0015 
CSF1PO,7,0.0010 
CSF1PO,8,0.0005 
CSF1PO,9,0.0480 
CSF1PO,10,0.2310 
CSF1PO,11,0.2370 
CSF1PO,12,0.3978 
CSF1PO,13,0.0743 
CSF1PO,14,0.0090 
CSF1PO,15,0.0015 
D3S1358,11,0.0003 
D3S1358,12,0.0060 
D3S1358,13,0.0013 
D3S1358,14,0.0403 
D3S1358,15,0.3965 
D3S1358,16,0.3063 
D3S1358,17,0.1763 
D3S1358,18,0.0695 
D3S1358,19,0.0033 
D3S1358,20,0.0005 
vWA,13,0.0008 
vWA,14,0.2075 
vWA,15,0.0283 
vWA,16,0.1850 
vWA,17,0.2723 
vWA,18,0.2013 
vWA,19,0.0913 
vWA,20,0.0133 
vWA,21,0.0003 
vWA,22,0.0003 
FGA,17,0.0030 
FGA,18,0.0213 
FGA,19,0.0543 
FGA,20,0.0580 
FGA,20.2,0.0005 
FGA,21,0.1143 
FGA,21.2,0.0025 
FGA,22,0.1875 
FGA,22.2,0.0035 
FGA,23,0.2228 
FGA,23.2,0.0073 
FGA,24,0.1773 
FGA,24.2,0.0038 
FGA,25,0.0955 
FGA,25.2,0.0015 
FGA,26,0.0378 
FGA,26.2,0.0003 
FGA,27,0.0060 
FGA,27.2,0.0005 
FGA,28,0.0023 
FGA,29,0.0005 
D5S818,6,0.0005 
D5S818,7,0.0115 
D5S818,8,0.0063 
D5S818,9,0.0883 
D5S818,10,0.1900 
D5S818,11,0.3293 
D5S818,12,0.2268 
D5S818,13,0.1378 
D5S818,14,0.0083 
D5S818,15,0.0013 
D5S818,16,0.0003 
D13S317,7,0.0018 
D13S317,8,0.2625 
D13S317,9,0.1425 
D13S317,10,0.1370 
D13S317,11,0.2315 
D13S317,12,0.1825 
D13S317,13,0.0335 
D13S317,14,0.0083 
D13S317,15,0.0005 
D7S820,5,0.0003 
D7S820,7,0.0050 
D7S820,8,0.1463 
D7S820,9,0.0523 
D7S820,10,0.1730 
D7S820,11,0.3410 
D7S820,12,0.2373 
D7S820,13,0.0395 
D7S820,14,0.0053 
D7S820,15,0.0003 
D16S539,7,0.0003 
D16S539,8,0.0025 
D16S539,9,0.2935 
D16S539,10,0.1480 
D16S539,11,0.2605 
D16S539,12,0.1865 
D16S539,13,0.0948 
D16S539,14,0.0140 
D8S1179,7,0.0003 
D8S1179,8,0.0008 
D8S1179,9,0.0015 
D8S1179,10,0.1248 
D8S1179,11,0.0890 
D8S1179,12,0.1520 
D8S1179,13,0.2298 
D8S1179,14,0.1720 
D8S1179,15,0.1533 
D8S1179,16,0.0613 
D8S1179,17,0.0140 
D8S1179,18,0.0013 
D8S1179,19,0.0003 
D21S11,26,0.0003 
D21S11,27,0.0015 
D21S11,28,0.0465 
D21S11,28.2,0.0058 
D21S11,29,0.2255 
D21S11,29.2,0.0013 
D21S11,30,0.3580 
D21S11,30.2,0.0055 
D21S11,31,0.0950 
D21S11,31.2,0.0645 
D21S11,32,0.0235 
D21S11,32.2,0.1145 
D21S11,33,0.0058 
D21S11,33.2,0.0488 
D21S11,34,0.0015 
D21S11,34.2,0.0015 
D21S11,35,0.0005 
D21S11,36,0.0003 
D18S51,7,0.0003 
D18S51,8,0.0003 
D18S51,9,0.0005 
D18S51,10,0.0005 
D18S51,11,0.0085 
D18S51,12,0.0495 
D18S51,13,0.2263 
D18S51,14,0.2050 
D18S51,14.2,0.0003 
D18S51,15,0.1575 
D18S51,16,0.1140 
D18S51,17,0.0645 
D18S51,18,0.0558 
D18S51,19,0.0453 
D18S51,20,0.0308 
D18S51,21,0.0195 
D18S51,22,0.0125 
D18S51,23,0.0043 
D18S51,24,0.0033 
D18S51,25,0.0008 
D18S51,26,0.0010 
D2S1338,16,0.0045 
D2S1338,17,0.0950 
D2S1338,18,0.1263 
D2S1338,19,0.1700 
D2S1338,20,0.1125 
D2S1338,21,0.0185 
D2S1338,22,0.0493 
D2S1338,23,0.1803 
D2S1338,24,0.1378 
D2S1338,25,0.0828 
D2S1338,26,0.0168 
D2S1338,27,0.0048 
D2S1338,28,0.0013 
D2S1338,29,0.0005 
D19S433,9.2,0.0003 
D19S433,11,0.0038 
D19S433,11.2,0.0018 
D19S433,12,0.0325 
D19S433,12.2,0.0053 
D19S433,13,0.3140 
D19S433,13.2,0.0303 
D19S433,14,0.2778 
D19S433,14.2,0.1065 
D19S433,15,0.0518 
D19S433,15.2,0.1350 
D19S433,16,0.0083 
D19S433,16.2,0.0270 
D19S433,17,0.0003 
D19S433,17.2,0.0048 
D19S433,18.2,0.0008 
D19S433,19.2,0.0003 
Penta E,5,0.0800 
Penta E,8,0.0078 
Penta E,9,0.0055 
Penta E,10,0.0388 
Penta E,11,0.1153 
Penta E,12,0.1093 
Penta E,13,0.0410 
Penta E,14,0.0635 
Penta E,15,0.1183 
Penta E,16,0.0835 
Penta E,17,0.0860 
Penta E,18,0.0865 
Penta E,18.3,0.0003 
Penta E,19,0.0638 
Penta E,19.3,0.0005 
Penta E,20,0.0423 
Penta E,21,0.0270 
Penta E,22,0.0173 
Penta E,23,0.0085 
Penta E,24,0.0028 
Penta E,25,0.0015 
Penta E,26,0.0003 
Penta E,27,0.0008 
Penta D,6,0.0005 
Penta D,7,0.0013 
Penta D,8,0.0308 
Penta D,9,0.3400 
Penta D,10,0.1305 
Penta D,11,0.1920 
Penta D,11.2,0.0005 
Penta D,12,0.1520 
Penta D,13,0.1168 
Penta D,14,0.0298 
Penta D,15,0.0058 
Penta D,16,0.0003 
D1S1656,10,0.0003 
D1S1656,11,0.0490 
D1S1656,12,0.0413 
D1S1656,13,0.1213 
D1S1656,14,0.0743 
D1S1656,15,0.2620 
D1S1656,16,0.2545 
D1S1656,17,0.0925 
D1S1656,17.3,0.0540 
D1S1656,18,0.0128 
D1S1656,18.3,0.0328 
D1S1656,19,0.0013 
D1S1656,20,0.0030 
D1S1656,21,0.0013 
D2S441,9,0.0005 
D2S441,9.1,0.0495 
D2S441,10,0.2085 
D2S441,11,0.3475 
D2S441,12,0.2100 
D2S441,13,0.0550 
D2S441,14,0.1210 
D2S441,15,0.0080 
D10S1248,8,0.0003 
D10S1248,10,0.0013 
D10S1248,11,0.0025 
D10S1248,12,0.0828 
D10S1248,13,0.3593 
D10S1248,14,0.2453 
D10S1248,15,0.2120 
D10S1248,16,0.0798 
D10S1248,17,0.0165 
D10S1248,18,0.0005 
D12S391,14,0.0010 
D12S391,15,0.0163 
D12S391,16,0.0070 
D12S391,17,0.1030 
D12S391,17.2,0.0003 
D12S391,18,0.2698 
D12S391,19,0.2275 
D12S391,20,0.1558 
D12S391,21,0.1105 
D12S391,22,0.0538 
D12S391,23,0.0300 
D12S391,24,0.0163 
D12S391,25,0.0068 
D12S391,26,0.0013 
D12S391,27,0.0010 
D22S1045,11,0.1890 
D22S1045,12,0.0020 
D22S1045,13,0.0018 
D22S1045,13.2,0.0003 
D22S1045,14,0.0040 
D22S1045,15,0.2938 
D22S1045,16,0.2525 
D22S1045,17,0.2303 
D22S1045,18,0.0235 
D22S1045,19,0.0030 
SE33,11,0.0003 
SE33,13,0.0010 
SE33,14,0.0045 
SE33,14.2,0.0003 
SE33,15,0.0073 
SE33,16,0.0268 
SE33,16.2,0.0008 
SE33,17,0.0393 
SE33,18,0.0723 
SE33,18.2,0.0003 
SE33,19,0.0908 
SE33,19.2,0.0013 
SE33,20,0.0905 
SE33,20.2,0.0050 
SE33,21,0.0565 
SE33,21.2,0.0138 
SE33,22,0.0230 
SE33,22.2,0.0313 
SE33,23,0.0078 
SE33,23.2,0.0400 
SE33,24,0.0020 
SE33,24.2,0.0480 
SE33,25,0.0005 
SE33,25.2,0.0660 
SE33,26.2,0.0625 
SE33,27,0.0015 
SE33,27.2,0.0770 
SE33,28,0.0008 
SE33,28.2,0.0743 
SE33,29,0.0003 
SE33,29.2,0.0645 
SE33,30,0.0003 
SE33,30.2,0.0528 
SE33,31.2,0.0215 
SE33,32.2,0.0125 
SE33,33.2,0.0025 
SE33,34.2,0.0008 
SE33,36.2,0.0003 
